{
  "ticker": "META",
  "threshold": 0.3442178293789635,
  "weights": {
    "lstm_magnitude": 0.35,
    "xgb_confidence": 0.4,
    "agreement": 0.25
  },
  "agreement_rate": 0.7724215246636771,
  "win_rate": 0.5546218487394958,
  "trained_at": "2026-03-07T02:07:56.665205",
  "vol_stats": {
    "mean": 0.023669415352866582,
    "std": 0.011835970042317782
  }
}