{
  "ticker": "META",
  "threshold": 0.3554241091595687,
  "weights": {
    "lstm_magnitude": 0.35,
    "xgb_confidence": 0.4,
    "agreement": 0.25
  },
  "agreement_rate": 0.9304932735426009,
  "win_rate": 0.5126050420168067,
  "trained_at": "2026-03-07T13:56:43.019428",
  "vol_stats": {
    "mean": 0.023669415693207706,
    "std": 0.011835960986334845
  }
}