{
  "ticker": "JPM",
  "threshold": 0.3311070839126683,
  "weights": {
    "lstm_magnitude": 0.35,
    "xgb_confidence": 0.4,
    "agreement": 0.25
  },
  "agreement_rate": 0.6860986547085202,
  "win_rate": 0.5742296918767507,
  "trained_at": "2026-03-07T14:04:59.566710",
  "vol_stats": {
    "mean": 0.013981714374501459,
    "std": 0.005676242834357218
  }
}