{
  "ticker": "JPM",
  "threshold": 0.34592953850928965,
  "weights": {
    "lstm_magnitude": 0.35,
    "xgb_confidence": 0.4,
    "agreement": 0.25
  },
  "agreement_rate": 0.5426008968609866,
  "win_rate": 0.5674157303370787,
  "trained_at": "2026-03-07T02:24:39.948765",
  "vol_stats": {
    "mean": 0.013981712562061484,
    "std": 0.005676244756372107
  }
}