{
  "ticker": "AAPL",
  "threshold": 0.3557138983002107,
  "weights": {
    "lstm_magnitude": 0.35,
    "xgb_confidence": 0.4,
    "agreement": 0.25
  },
  "agreement_rate": 0.8766816143497758,
  "win_rate": 0.5322128851540616,
  "trained_at": "2026-03-07T13:39:47.550561",
  "vol_stats": {
    "mean": 0.01576744489588496,
    "std": 0.0071965577256898885
  }
}