{
  "ticker": "V",
  "threshold": 0.3483520924196886,
  "weights": {
    "lstm_magnitude": 0.35,
    "xgb_confidence": 0.4,
    "agreement": 0.25
  },
  "agreement_rate": 0.7354260089686099,
  "win_rate": 0.5630252100840336,
  "trained_at": "2026-03-07T14:09:08.894845",
  "vol_stats": {
    "mean": 0.011803003333909464,
    "std": 0.004352232424144648
  }
}