{
  "type": "confidence_scorer",
  "ticker": "AAPL",
  "threshold": 0.2,
  "weights": {
    "lstm_magnitude": 0.35,
    "xgb_confidence": 0.4,
    "agreement": 0.25
  },
  "vol_stats": {
    "mean": 0.01743559694578311,
    "std": 0.008551105175092142
  },
  "return_std": 0.018496907455240623,
  "metrics": {
    "test_accuracy_filtered": 0.5663716814159292,
    "test_f1_filtered": 0.6956521739130435,
    "test_trade_pct": 0.6726190476190477,
    "test_n_trades": 113,
    "xgb_accuracy_unfiltered": 0.6011904761904762,
    "baseline_accuracy": 0.5059523809523809
  }
}