{
  "ticker": "TSLA",
  "threshold": 0.3343662163977429,
  "weights": {
    "lstm_magnitude": 0.35,
    "xgb_confidence": 0.4,
    "agreement": 0.25
  },
  "agreement_rate": 0.7399103139013453,
  "win_rate": 0.49299719887955185,
  "trained_at": "2026-03-07T02:16:24.922616",
  "vol_stats": {
    "mean": 0.035987377821080184,
    "std": 0.011286240190620052
  }
}