{
  "ticker": "MSFT",
  "threshold": 0.33532855189012106,
  "weights": {
    "lstm_magnitude": 0.35,
    "xgb_confidence": 0.4,
    "agreement": 0.25
  },
  "agreement_rate": 0.547085201793722,
  "win_rate": 0.5714285714285714,
  "trained_at": "2026-03-07T13:44:17.067004",
  "vol_stats": {
    "mean": 0.015252223410479217,
    "std": 0.005748667817201279
  }
}