{
  "ticker": "MSFT",
  "threshold": 0.34758133836036,
  "weights": {
    "lstm_magnitude": 0.35,
    "xgb_confidence": 0.4,
    "agreement": 0.25
  },
  "agreement_rate": 0.8811659192825112,
  "win_rate": 0.5574229691876751,
  "trained_at": "2026-03-07T01:55:00.949769",
  "vol_stats": {
    "mean": 0.015252226295233597,
    "std": 0.0057486643439084275
  }
}