{
  "ticker": "AMZN",
  "threshold": 0.3103089170131394,
  "weights": {
    "lstm_magnitude": 0.35,
    "xgb_confidence": 0.4,
    "agreement": 0.25
  },
  "agreement_rate": 0.5807174887892377,
  "win_rate": 0.5462686567164179,
  "trained_at": "2026-03-07T13:52:36.350887",
  "vol_stats": {
    "mean": 0.020261454912097243,
    "std": 0.00686777861183144
  }
}