{
  "ticker": "NVDA",
  "threshold": 0.3575372203438342,
  "weights": {
    "lstm_magnitude": 0.35,
    "xgb_confidence": 0.4,
    "agreement": 0.25
  },
  "agreement_rate": 0.6446188340807175,
  "win_rate": 0.5602240896358543,
  "trained_at": "2026-03-07T14:00:50.707269",
  "vol_stats": {
    "mean": 0.030092413150159245,
    "std": 0.01124444507898231
  }
}