{
  "ticker": "NVDA",
  "threshold": 0.36467441052248317,
  "weights": {
    "lstm_magnitude": 0.35,
    "xgb_confidence": 0.4,
    "agreement": 0.25
  },
  "agreement_rate": 0.7757847533632287,
  "win_rate": 0.5322128851540616,
  "trained_at": "2026-03-07T02:12:15.409692",
  "vol_stats": {
    "mean": 0.03009241486310557,
    "std": 0.01124444300451905
  }
}