{
  "ticker": "NFLX",
  "threshold": 0.3466163460727607,
  "weights": {
    "lstm_magnitude": 0.35,
    "xgb_confidence": 0.4,
    "agreement": 0.25
  },
  "agreement_rate": 0.7926008968609866,
  "win_rate": 0.5070028011204482,
  "trained_at": "2026-03-07T02:20:28.694267",
  "vol_stats": {
    "mean": 0.021859741783851475,
    "std": 0.008411944920002495
  }
}