{
  "ticker": "GOOGL",
  "threshold": 0.3670602730617551,
  "weights": {
    "lstm_magnitude": 0.35,
    "xgb_confidence": 0.4,
    "agreement": 0.25
  },
  "agreement_rate": 0.7567264573991032,
  "win_rate": 0.5126050420168067,
  "trained_at": "2026-03-07T13:48:22.973352",
  "vol_stats": {
    "mean": 0.01877071009962218,
    "std": 0.0057579668189996994
  }
}