{
  "ticker": "GOOGL",
  "threshold": 0.3567206257454759,
  "weights": {
    "lstm_magnitude": 0.35,
    "xgb_confidence": 0.4,
    "agreement": 0.25
  },
  "agreement_rate": 0.7443946188340808,
  "win_rate": 0.5462184873949579,
  "trained_at": "2026-03-07T01:59:18.958536",
  "vol_stats": {
    "mean": 0.018770709853063745,
    "std": 0.005757964907280875
  }
}